month,Author,CS70_1,CS70_2,CS70_3,CS70_5,CS70_6,CS70_7,CS70_8,CS70_9,CS71_1,CS71_2,CS71_3,CS72_1,CS73_1,CS73_2,CS80_2,CS80_3,CS80_4,CS80_6,CS80_7,CS80_8,CS80_9
2007-12-01,Chris Patterson,0,0,0,0,0,0,0,0,0,0,0,0,0,0,0,0,0,0,0,0,0
2008-01-01,Chris Patterson,0,0,0,0,0,0,0,0,0,0,0,0,0,0,0,0,0,0,0,0,0
2008-02-01,Chris Patterson,0,0,0,0,0,0,0,0,0,0,0,0,0,0,0,0,0,0,0,0,0
2008-03-01,Chris Patterson,0,0,0,0,0,0,0,0,0,0,0,0,0,0,0,0,0,0,0,0,0
2008-04-01,Chris Patterson,0,0,0,0,0,0,0,0,0,0,0,0,0,0,0,0,0,0,0,0,0
2008-05-01,Chris Patterson,0,0,0,0,0,0,0,0,0,0,0,0,0,0,0,0,0,0,0,0,0
2008-06-01,Chris Patterson,0,0,0,0,0,0,0,0,0,0,0,0,0,0,0,0,0,0,0,0,0
2008-07-01,Chris Patterson,0,0,0,0,0,0,0,0,0,0,0,0,0,0,0,0,0,0,0,0,0
2008-08-01,Chris Patterson,0,0,0,0,0,0,0,0,0,0,0,0,0,0,0,0,0,0,0,0,0
2008-09-01,Chris Patterson,0,0,0,0,0,0,0,0,0,0,0,0,0,0,0,0,0,0,0,0,0
2008-10-01,Chris Patterson,0,0,0,0,0,0,0,0,0,0,0,0,0,0,0,0,0,0,0,0,0
2008-11-01,Chris Patterson,0,0,0,0,0,0,0,0,0,0,0,0,0,0,0,0,0,0,0,0,0
2008-12-01,Chris Patterson,0,0,0,0,0,0,0,0,0,0,0,0,0,0,0,0,0,0,0,0,0
2009-01-01,Chris Patterson,0,0,0,0,0,0,0,0,0,0,0,0,0,0,0,0,0,0,0,0,0
2009-02-01,Chris Patterson,0,0,0,0,0,0,0,0,0,0,0,0,0,0,0,0,0,0,0,0,0
2009-03-01,Chris Patterson,0,0,0,0,0,0,0,0,0,0,0,0,0,0,0,0,0,0,0,0,0
2009-04-01,Chris Patterson,0,0,0,0,0,0,0,0,0,0,0,0,0,0,0,0,0,0,0,0,0
2009-05-01,Chris Patterson,0,0,0,0,0,0,0,0,0,0,0,0,0,0,0,0,0,0,0,0,0
2009-06-01,Chris Patterson,0,0,0,0,0,0,0,0,0,0,0,0,0,0,0,0,0,0,0,0,0
2009-07-01,Chris Patterson,0,0,0,0,0,0,0,0,0,0,0,0,0,0,0,0,0,0,0,0,0
2009-08-01,Chris Patterson,0,0,0,0,0,0,0,0,0,0,0,0,0,0,0,0,0,0,0,0,0
2009-09-01,Chris Patterson,0,0,0,0,0,0,0,0,0,0,0,0,0,0,0,0,0,0,0,0,0
2009-10-01,Chris Patterson,0,0,0,0,0,0,0,0,0,0,0,0,0,0,0,0,0,0,0,0,0
2009-11-01,Chris Patterson,0,0,0,0,0,0,0,0,0,0,0,0,0,0,0,0,0,0,0,0,0
2009-12-01,Chris Patterson,0,0,0,0,0,0,0,0,0,0,0,0,0,0,0,0,0,0,0,0,0
2010-01-01,Chris Patterson,0,0,0,0,0,0,0,0,0,0,0,0,0,0,0,0,0,0,0,0,0
2010-02-01,Chris Patterson,0,0,0,0,0,0,0,0,0,0,0,0,0,0,0,0,0,0,0,0,0
2010-03-01,Chris Patterson,0,0,0,0,0,0,0,0,0,0,0,0,0,0,0,0,0,0,0,0,0
2010-05-01,Chris Patterson,0,0,0,0,0,0,0,0,0,0,0,0,0,0,0,0,0,0,0,0,0
2010-07-01,Chris Patterson,0,0,0,0,0,0,0,0,0,0,0,0,0,0,0,0,0,0,0,0,0
2010-10-01,Chris Patterson,0,0,0,0,0,0,0,0,0,0,0,0,0,0,0,0,0,0,0,0,0
2010-10-01,Martijn Laarman,0,0,0,0,0,0,0,0,0,0,0,0,0,0,0,0,0,0,0,0,0
2010-11-01,Chris Patterson,0,0,0,0,0,0,0,0,0,0,0,0,0,0,0,0,0,0,0,0,0
2010-11-01,Martijn Laarman,0,0,0,0,0,0,0,0,0,0,0,0,0,0,0,0,0,0,0,0,0
2010-12-01,Chris Patterson,0,0,0,0,0,0,0,0,0,0,0,0,0,0,0,0,0,0,0,0,0
2010-12-01,Martijn Laarman,0,0,0,0,0,0,0,0,0,0,0,0,0,0,0,0,0,0,0,0,0
2011-01-01,Chris Patterson,0,0,0,0,0,0,0,0,0,0,0,0,0,0,0,0,0,0,0,0,0
2011-02-01,Martijn Laarman,0,0,0,0,0,0,0,0,0,0,0,0,0,0,0,0,0,0,0,0,0
2011-03-01,Martijn Laarman,0,0,0,0,0,0,0,0,0,0,0,0,0,0,0,0,0,0,0,0,0
2011-04-01,Chris Patterson,0,0,0,0,0,0,0,0,0,0,0,0,0,0,0,0,0,0,0,0,0
2011-04-01,Martijn Laarman,0,0,0,0,0,0,0,0,0,0,0,0,0,0,0,0,0,0,0,0,0
2011-05-01,Chris Patterson,0,0,0,0,0,0,0,0,0,0,0,0,0,0,0,0,0,0,0,0,0
2011-05-01,Martijn Laarman,0,0,0,0,0,0,0,0,0,0,0,0,0,0,0,0,0,0,0,0,0
2011-05-01,Mogens Heller Grabe,0,0,0,0,0,0,0,0,0,0,0,0,0,0,0,0,0,0,0,0,0
2011-06-01,Chris Patterson,0,0,0,0,0,0,0,0,0,0,0,0,0,0,0,0,0,0,0,0,0
2011-06-01,Martijn Laarman,0,0,0,0,0,0,0,0,0,0,0,0,0,0,0,0,0,0,0,0,0
2011-07-01,Chris Patterson,0,0,0,0,0,0,0,0,0,0,0,0,0,0,0,0,0,0,0,0,0
2011-07-01,Martijn Laarman,0,0,0,0,0,0,0,0,0,0,0,0,0,0,0,0,0,0,0,0,0
2011-08-01,Chris Patterson,0,0,0,0,0,0,0,0,0,0,0,0,0,0,0,0,0,0,0,0,0
2011-08-01,Martijn Laarman,0,0,0,0,0,0,0,0,0,0,0,0,0,0,0,0,0,0,0,0,0
2011-09-01,Chris Patterson,0,0,0,0,0,0,0,0,0,0,0,0,0,0,0,0,0,0,0,0,0
2011-09-01,Martijn Laarman,0,0,0,0,0,0,0,0,0,0,0,0,0,0,0,0,0,0,0,0,0
2011-09-01,Mogens Heller Grabe,0,0,0,0,0,0,0,0,0,0,0,0,0,0,0,0,0,0,0,0,0
2011-10-01,Chris Patterson,0,0,0,0,0,0,0,0,0,0,0,0,0,0,0,0,0,0,0,0,0
2011-10-01,Martijn Laarman,0,0,0,0,0,0,0,0,0,0,0,0,0,0,0,0,0,0,0,0,0
2011-10-01,Mogens Heller Grabe,0,0,0,0,0,0,0,0,0,0,0,0,0,0,0,0,0,0,0,0,0
2011-11-01,Martijn Laarman,0,0,0,0,0,0,0,0,0,0,0,0,0,0,0,0,0,0,0,0,0
2011-11-01,Mogens Heller Grabe,0,0,0,0,0,0,0,0,0,0,0,0,0,0,0,0,0,0,0,0,0
2011-12-01,Chris Patterson,0,0,0,0,0,0,0,0,0,0,0,0,0,0,0,0,0,0,0,0,0
2011-12-01,Martijn Laarman,0,0,0,0,0,0,0,0,0,0,0,0,0,0,0,0,0,0,0,0,0
2011-12-01,Mogens Heller Grabe,0,1,0,0,0,0,0,0,0,0,0,0,0,0,0,0,0,0,1,0,0
2012-01-01,Chris Patterson,0,0,0,0,0,0,0,0,0,0,0,0,0,0,0,0,0,0,0,0,0
2012-01-01,Martijn Laarman,0,0,0,0,0,0,0,0,0,0,0,0,0,0,0,0,0,0,0,0,0
2012-01-01,Mogens Heller Grabe,0,0,0,0,0,0,0,0,0,0,0,0,0,0,0,0,0,0,0,0,0
2012-02-01,Chris Patterson,0,0,0,0,0,0,0,0,0,0,0,0,0,0,0,0,0,0,0,0,0
2012-02-01,Martijn Laarman,0,0,0,0,0,0,0,0,0,0,0,0,0,0,0,0,0,0,0,0,0
2012-02-01,Mogens Heller Grabe,0,0,0,0,0,0,0,0,0,0,0,0,0,0,0,0,0,0,0,0,0
2012-03-01,Chris Patterson,0,0,0,0,0,0,0,0,0,0,0,0,0,0,0,0,0,0,0,0,0
2012-03-01,Martijn Laarman,0,0,0,0,0,0,0,0,0,0,0,0,0,0,0,0,0,0,0,0,0
2012-03-01,Mogens Heller Grabe,0,0,0,0,0,0,0,0,0,0,0,0,0,0,0,0,0,0,0,0,0
2012-04-01,Chris Patterson,0,0,0,0,0,0,0,0,0,0,0,0,0,0,0,0,0,0,0,0,0
2012-04-01,Martijn Laarman,0,0,0,0,0,0,0,0,0,0,0,0,0,0,0,0,0,0,0,0,0
2012-04-01,Mogens Heller Grabe,0,0,0,0,0,0,0,0,0,0,0,0,0,0,0,0,0,0,0,0,0
2012-05-01,Chris Patterson,0,0,0,0,0,0,0,0,0,0,0,0,0,0,0,0,0,0,0,0,0
2012-05-01,Martijn Laarman,0,0,0,0,0,0,0,0,0,0,0,0,0,0,0,0,0,0,0,0,0
2012-05-01,Mogens Heller Grabe,0,0,0,0,0,0,0,0,0,0,0,0,0,0,0,0,0,0,0,0,0
2012-06-01,Chris Patterson,0,0,0,0,0,0,0,0,0,0,0,0,0,0,0,0,0,0,0,0,0
2012-06-01,Martijn Laarman,0,0,0,0,0,0,0,0,0,0,0,0,0,0,0,0,0,0,0,0,0
2012-06-01,Mogens Heller Grabe,0,3,0,0,0,0,0,0,0,0,0,0,0,0,0,0,0,0,0,0,0
2012-07-01,Chris Patterson,0,0,0,0,0,0,0,0,0,0,0,0,0,0,0,0,0,0,0,0,0
2012-07-01,Martijn Laarman,0,0,0,0,0,0,0,0,0,0,0,0,0,0,0,0,0,0,0,0,0
2012-07-01,Mogens Heller Grabe,0,0,0,0,0,0,0,0,0,0,0,0,0,0,0,0,0,0,0,0,0
2012-08-01,Chris Patterson,0,0,0,0,0,0,0,0,0,0,0,0,0,0,0,0,0,0,0,0,0
2012-08-01,Martijn Laarman,0,0,0,0,0,0,0,0,0,0,0,0,0,0,0,0,0,0,0,0,0
2012-08-01,Mogens Heller Grabe,0,0,0,0,0,0,0,0,0,0,0,0,0,0,0,0,0,0,0,0,0
2012-09-01,Chris Patterson,0,0,0,0,0,0,0,0,0,0,0,0,0,0,0,0,0,0,0,0,0
2012-09-01,Martijn Laarman,0,0,0,0,0,0,0,0,0,0,0,0,0,0,0,0,0,0,0,0,0
2012-09-01,Mogens Heller Grabe,0,0,0,0,0,0,0,0,0,0,0,0,0,0,0,0,0,0,3,0,0
2012-10-01,Chris Patterson,0,0,0,0,0,0,0,0,0,0,0,0,0,0,0,0,0,0,0,0,0
2012-10-01,Martijn Laarman,0,0,0,0,0,0,0,0,0,0,0,0,0,0,0,0,0,0,0,0,0
2012-10-01,Mogens Heller Grabe,0,0,0,0,0,0,0,0,0,0,0,0,0,0,0,0,0,0,0,0,0
2012-11-01,Chris Patterson,0,0,0,0,0,0,0,0,0,0,0,0,0,0,0,0,0,0,0,0,0
2012-11-01,Martijn Laarman,0,0,0,0,0,0,0,0,0,0,0,0,0,0,0,0,0,0,0,0,0
2012-11-01,Mogens Heller Grabe,0,1,0,0,0,0,0,0,0,0,0,0,0,0,0,0,0,0,0,0,0
2012-12-01,Chris Patterson,0,0,0,0,0,0,0,0,0,0,0,0,0,0,0,0,0,0,0,0,0
2012-12-01,Martijn Laarman,0,0,0,0,0,0,0,0,0,0,0,0,0,0,0,0,0,0,0,0,0
2012-12-01,Mogens Heller Grabe,0,0,0,0,0,0,0,0,0,0,0,0,0,0,0,0,0,0,0,0,0
2013-01-01,Chris Patterson,0,0,0,0,0,0,0,0,0,0,0,0,0,0,0,0,0,0,0,0,0
2013-01-01,Martijn Laarman,0,0,0,0,0,0,0,0,0,0,0,0,0,0,0,0,0,0,0,0,0
2013-01-01,Mogens Heller Grabe,0,0,0,0,0,0,0,0,0,0,0,0,0,0,0,0,0,0,0,0,0
2013-02-01,Chris Patterson,0,0,0,0,0,0,0,0,0,0,0,0,0,0,0,0,0,0,0,0,0
2013-02-01,Martijn Laarman,0,0,0,0,0,0,0,0,0,0,0,0,0,0,0,0,0,0,0,0,0
2013-02-01,Mogens Heller Grabe,0,0,0,0,0,0,0,0,0,0,0,0,0,0,0,0,0,0,0,0,0
2013-03-01,Chris Patterson,0,0,0,0,0,0,0,0,0,0,0,0,0,0,0,0,0,0,0,0,0
2013-03-01,Martijn Laarman,0,0,0,0,0,0,0,0,0,0,0,0,0,0,0,0,0,0,0,0,0
2013-03-01,Mogens Heller Grabe,0,0,0,0,0,0,0,0,0,0,0,0,0,0,0,0,0,0,0,0,0
2013-04-01,Chris Patterson,0,0,0,0,0,0,0,0,0,0,0,0,0,0,0,0,0,0,0,0,0
2013-04-01,Martijn Laarman,0,0,0,0,0,0,0,0,0,0,0,0,0,0,0,0,0,0,0,0,0
2013-04-01,Mogens Heller Grabe,0,0,0,0,0,0,0,0,0,0,0,0,0,0,0,0,0,0,0,0,0
2013-05-01,Chris Patterson,0,0,0,0,0,0,0,0,0,0,0,0,0,0,0,0,0,0,0,0,0
2013-05-01,Martijn Laarman,0,0,0,0,0,0,0,0,0,0,0,0,0,0,0,0,0,0,0,0,0
2013-05-01,Mogens Heller Grabe,0,0,0,0,0,0,0,0,0,0,0,0,0,0,0,0,0,0,0,0,0
2013-06-01,Martijn Laarman,0,0,0,0,0,0,0,0,0,0,0,0,0,0,0,0,0,0,0,0,0
2013-06-01,Mogens Heller Grabe,0,0,0,0,0,0,0,0,0,0,0,0,0,0,0,0,0,0,0,0,0
2013-07-01,Chris Patterson,0,0,0,0,0,0,0,0,0,0,0,0,0,0,0,0,0,0,0,0,0
2013-07-01,Martijn Laarman,0,0,0,0,0,0,0,0,0,0,0,0,0,0,0,0,0,0,0,0,0
2013-07-01,Mogens Heller Grabe,0,0,0,0,0,0,0,0,0,0,0,0,0,0,0,0,0,0,0,0,0
2013-08-01,Chris Patterson,0,0,0,0,0,0,0,0,0,0,0,0,0,0,0,0,0,0,0,0,0
2013-08-01,Martijn Laarman,0,0,0,0,0,0,0,0,0,0,0,0,0,0,0,0,0,0,0,0,0
2013-08-01,Mogens Heller Grabe,0,0,0,0,0,0,0,0,0,0,0,0,0,0,0,0,0,0,0,0,0
2013-09-01,Chris Patterson,0,0,0,0,0,0,0,0,0,0,0,0,0,0,0,0,0,0,0,0,0
2013-09-01,Martijn Laarman,0,0,0,0,0,0,0,0,0,0,0,0,0,0,0,0,0,0,0,0,0
2013-09-01,Mogens Heller Grabe,0,0,0,0,0,0,0,0,0,0,0,0,0,0,0,0,0,0,0,0,0
2013-10-01,Chris Patterson,0,0,0,0,0,0,0,0,0,0,0,0,0,0,0,0,0,0,0,0,0
2013-10-01,Martijn Laarman,0,0,0,0,0,0,0,0,0,0,0,0,0,0,0,0,0,0,0,0,0
2013-10-01,Mogens Heller Grabe,0,0,0,0,0,0,0,0,0,0,0,0,0,0,0,0,0,0,0,0,0
2013-11-01,Chris Patterson,0,0,0,0,0,0,0,0,0,0,0,0,0,0,0,0,0,0,0,0,0
2013-11-01,Jaex,0,0,0,0,0,0,0,0,0,0,0,0,0,0,0,0,0,0,0,0,0
2013-11-01,Martijn Laarman,0,0,0,0,0,0,0,0,0,0,0,0,0,0,0,0,0,0,0,0,0
2013-11-01,Mogens Heller Grabe,0,0,0,0,0,0,0,0,0,0,0,0,0,0,0,0,0,0,0,0,0
2013-12-01,Chris Patterson,0,0,0,0,0,0,0,0,0,0,0,0,0,0,0,0,0,0,0,0,0
2013-12-01,Jaex,0,0,0,0,0,0,0,0,0,1,0,0,0,0,0,0,0,0,0,0,0
2013-12-01,Martijn Laarman,0,0,0,0,0,0,0,0,0,0,0,0,0,0,0,0,0,0,0,0,0
2013-12-01,Mogens Heller Grabe,0,0,0,0,0,0,0,0,0,0,0,0,0,0,0,0,0,0,0,0,0
2014-01-01,Chris Patterson,0,0,0,0,0,0,0,0,0,0,0,0,0,0,0,0,0,0,0,0,0
2014-01-01,Jaex,0,0,0,0,0,0,0,0,0,0,0,0,0,0,0,0,0,0,0,0,0
2014-01-01,Martijn Laarman,0,0,0,0,0,0,0,0,0,0,0,0,0,0,0,0,0,0,0,0,0
2014-01-01,Mogens Heller Grabe,0,0,0,0,0,0,0,0,0,0,0,0,0,0,0,0,0,0,0,0,0
2014-02-01,Chris Patterson,0,0,0,0,0,0,0,0,0,0,0,0,0,0,0,0,0,0,0,0,0
2014-02-01,Jaex,0,0,0,0,0,0,0,0,0,0,0,0,0,0,0,0,0,0,0,0,0
2014-02-01,Martijn Laarman,0,0,0,0,0,0,0,0,0,0,0,0,0,0,0,0,0,0,0,0,0
2014-02-01,Mogens Heller Grabe,0,0,0,0,0,0,0,0,0,0,0,0,0,0,0,0,0,0,0,0,0
2014-03-01,Jaex,0,0,0,0,0,0,0,0,0,1,0,0,0,0,0,0,0,0,0,0,0
2014-03-01,Martijn Laarman,0,0,0,0,0,0,0,0,0,0,0,0,0,0,0,0,0,0,0,0,0
2014-03-01,Mogens Heller Grabe,0,0,0,0,0,0,0,0,0,0,0,0,0,0,0,0,0,0,0,0,0
2014-04-01,Chris Patterson,0,0,0,0,0,0,0,0,0,0,0,0,0,0,0,0,0,0,0,0,0
2014-04-01,Jaex,0,0,0,0,0,0,0,0,0,0,0,0,0,0,0,0,0,0,0,0,0
2014-04-01,Martijn Laarman,0,0,0,0,0,0,0,0,0,0,0,0,0,0,0,0,0,0,0,0,0
2014-04-01,Mogens Heller Grabe,0,0,0,0,0,0,0,0,0,0,0,0,0,0,0,0,0,0,0,0,0
2014-05-01,Jaex,0,0,0,0,0,0,0,0,0,2,0,0,0,0,0,0,0,0,0,0,0
2014-05-01,Martijn Laarman,0,4,0,0,0,0,0,0,0,0,0,0,0,0,0,0,0,0,0,0,0
2014-05-01,Mogens Heller Grabe,0,0,0,0,0,0,0,0,0,0,0,0,0,0,0,0,0,0,0,0,0
2014-06-01,Chris Patterson,0,0,0,0,0,0,0,0,0,0,0,0,0,0,0,0,0,0,0,0,0
2014-06-01,Jaex,0,0,0,0,0,0,0,0,0,1,0,0,0,0,0,0,0,0,0,0,0
2014-06-01,Kurt,0,0,0,0,0,0,0,0,0,0,0,0,0,0,0,0,0,0,0,0,0
2014-06-01,Martijn Laarman,0,1,0,0,0,0,0,0,0,0,0,0,0,0,0,0,0,0,0,0,0
2014-06-01,Mogens Heller Grabe,0,0,0,0,0,0,0,0,0,0,0,0,0,0,0,0,0,0,0,0,0
2014-07-01,Jaex,0,0,0,0,0,0,0,0,0,0,0,0,0,0,0,0,0,0,0,0,0
2014-07-01,Kurt,0,0,0,0,0,0,0,0,0,0,0,0,0,0,0,0,0,0,0,0,0
2014-07-01,Martijn Laarman,0,1,0,0,0,0,0,0,0,0,0,0,0,0,0,0,0,0,0,0,0
2014-07-01,Mogens Heller Grabe,0,0,0,0,0,0,0,0,0,0,0,0,0,0,0,0,0,0,0,0,0
2014-07-01,win,0,0,0,0,0,0,0,0,0,0,0,0,0,0,0,0,0,0,0,0,0
2014-08-01,Chris Patterson,0,0,0,0,0,0,0,0,0,0,0,0,0,0,0,0,0,0,0,0,0
2014-08-01,Jaex,0,0,0,0,0,0,0,0,0,0,0,0,0,0,0,0,0,0,0,0,0
2014-08-01,Kurt,0,0,0,0,0,0,0,0,0,0,0,0,0,0,0,0,0,0,0,0,0
2014-08-01,Martijn Laarman,0,0,0,0,0,0,0,0,0,0,0,0,0,0,0,0,0,0,0,0,0
2014-08-01,Mogens Heller Grabe,0,0,0,0,0,0,0,0,0,0,0,0,0,0,0,0,0,0,0,0,0
2014-08-01,win,0,0,0,0,0,0,0,0,0,0,0,0,0,0,0,0,0,0,0,0,0
2014-09-01,Jaex,0,0,0,0,0,0,0,0,0,0,0,0,0,0,0,0,0,0,0,0,0
2014-09-01,Kurt,0,0,0,0,0,0,0,0,0,0,0,0,0,0,0,0,0,0,0,0,0
2014-09-01,Martijn Laarman,0,0,0,0,0,0,0,0,0,0,0,0,0,0,0,0,0,0,0,0,0
2014-09-01,Mogens Heller Grabe,0,0,0,0,0,0,0,0,0,0,0,0,0,0,0,0,0,0,0,0,0
2014-09-01,win,0,0,0,0,0,0,0,0,0,0,0,0,0,0,0,0,0,0,0,0,0
2014-10-01,Jaex,0,0,0,0,0,0,0,0,0,2,0,0,0,0,0,0,0,0,0,0,0
2014-10-01,Kurt,0,0,0,0,0,0,0,0,0,0,0,0,0,0,0,0,0,0,0,0,0
2014-10-01,Martijn Laarman,0,0,0,0,0,0,0,0,0,0,0,0,0,0,0,0,0,0,0,0,0
2014-10-01,Mogens Heller Grabe,0,0,0,0,0,0,0,0,0,0,0,0,0,0,0,0,0,0,0,0,0
2014-10-01,win,0,0,0,0,0,0,0,0,0,0,0,0,0,0,0,0,0,0,0,0,0
2014-11-01,Chris Patterson,0,0,0,0,0,0,0,0,0,0,0,0,0,0,0,0,0,0,0,0,0
2014-11-01,Jaex,0,0,0,0,0,0,0,0,0,0,0,0,0,0,0,0,0,0,0,0,0
2014-11-01,Kurt,0,0,0,0,0,0,0,0,0,0,0,0,0,0,0,0,0,0,0,0,0
2014-11-01,Martijn Laarman,0,0,0,0,0,0,0,0,0,0,0,0,0,0,0,0,0,0,0,0,0
2014-11-01,Mogens Heller Grabe,0,0,0,0,0,0,0,0,0,0,0,0,0,0,0,0,0,0,0,0,0
2014-11-01,win,0,0,0,0,0,0,0,0,0,1,0,0,0,0,0,0,0,0,0,0,0
2014-12-01,Chris Patterson,0,0,0,0,0,0,0,0,0,0,0,0,0,0,0,0,0,0,0,0,0
2014-12-01,Jaex,0,0,0,0,0,0,0,0,0,0,0,0,0,0,0,0,0,0,0,0,0
2014-12-01,Kurt,0,0,0,0,0,0,0,0,0,0,0,0,0,0,0,0,0,0,0,0,0
2014-12-01,Martijn Laarman,0,0,0,0,0,0,0,0,0,0,0,0,0,0,0,0,0,0,0,0,0
2014-12-01,Mogens Heller Grabe,0,0,0,0,0,0,0,0,0,0,0,0,0,0,0,0,0,0,0,0,0
2014-12-01,win,0,0,0,0,0,0,0,0,0,1,0,0,0,0,0,0,0,0,0,0,0
2015-01-01,Chris Patterson,0,0,0,0,0,0,0,0,0,0,0,0,0,0,0,0,0,0,0,0,0
2015-01-01,Jaex,0,0,0,0,0,0,0,0,0,0,0,0,0,0,0,0,0,0,0,0,0
2015-01-01,Kurt,0,0,0,0,0,0,0,0,0,0,0,0,0,0,0,0,0,0,0,0,0
2015-01-01,Martijn Laarman,0,0,0,0,0,0,0,0,0,0,0,0,0,0,0,0,0,0,0,0,0
2015-01-01,Mogens Heller Grabe,0,0,0,0,0,0,0,0,0,0,0,0,0,0,0,0,0,0,0,0,0
2015-01-01,win,0,0,0,0,0,0,0,0,0,0,0,0,0,0,0,0,0,0,0,0,0
2015-02-01,Chris Patterson,0,0,0,0,0,0,0,0,0,0,0,0,0,0,0,0,0,0,0,0,0
2015-02-01,Jaex,0,0,0,0,0,0,0,0,0,0,0,0,0,0,0,0,0,0,0,0,0
2015-02-01,Kurt,0,0,0,0,0,0,0,0,0,0,0,0,0,0,0,0,0,0,0,0,0
2015-02-01,Martijn Laarman,0,0,0,0,0,0,0,0,0,0,0,0,0,0,0,0,0,0,0,0,0
2015-02-01,Mogens Heller Grabe,0,0,0,1,0,0,0,0,0,0,0,0,0,0,0,0,0,0,0,0,0
2015-03-01,Chris Patterson,0,0,0,0,0,0,0,0,0,0,0,0,0,0,0,0,0,0,0,0,0
2015-03-01,Jaex,0,0,0,0,0,0,0,0,0,0,0,0,0,0,0,0,0,0,0,0,0
2015-03-01,Kurt,0,0,0,0,0,0,0,0,0,0,0,0,0,0,0,0,0,0,0,0,0
2015-03-01,Martijn Laarman,0,0,0,0,0,0,0,0,0,0,0,0,0,0,0,0,0,0,0,0,0
2015-03-01,Mogens Heller Grabe,0,0,0,0,0,0,0,0,0,0,0,0,0,0,0,0,0,0,0,0,0
2015-04-01,Chris Patterson,0,0,0,0,0,0,0,0,0,0,0,0,0,0,0,0,0,0,0,0,0
2015-04-01,Jaex,0,0,0,0,0,0,0,0,0,0,0,0,0,0,0,0,0,0,0,0,0
2015-04-01,Kurt,0,0,0,0,0,0,0,0,0,0,0,0,0,0,0,0,0,0,0,0,0
2015-04-01,Martijn Laarman,0,0,0,0,0,0,0,0,0,0,0,0,0,0,0,0,0,0,0,0,0
2015-04-01,Mogens Heller Grabe,0,0,0,0,0,0,0,0,0,0,0,0,0,0,0,0,0,0,0,0,0
2015-05-01,Chris Patterson,0,0,0,0,0,0,0,0,0,0,0,0,0,0,0,0,0,0,0,0,0
2015-05-01,Jaex,0,0,0,0,0,0,0,0,0,1,0,0,0,0,0,0,0,0,0,0,0
2015-05-01,Kurt,0,0,0,0,0,0,0,0,0,0,0,0,0,0,0,0,0,0,0,0,0
2015-05-01,Martijn Laarman,0,0,0,0,0,0,0,0,0,0,0,0,0,0,0,0,0,0,0,0,0
2015-05-01,Mogens Heller Grabe,0,0,0,0,0,0,0,0,0,0,0,0,0,0,0,0,0,0,0,0,0
2015-06-01,Chris Patterson,0,0,0,0,0,0,0,0,0,0,0,0,0,0,0,0,0,0,0,0,0
2015-06-01,Jaex,0,0,0,0,0,0,0,0,0,0,0,0,0,0,0,0,0,0,0,0,0
2015-06-01,Kurt,0,0,0,0,0,0,0,0,0,0,0,0,0,0,0,0,0,0,0,0,0
2015-06-01,Martijn Laarman,0,0,0,0,0,0,0,0,0,0,0,0,0,0,0,0,0,0,0,0,0
2015-06-01,Mogens Heller Grabe,0,0,0,0,0,0,0,0,0,0,0,0,0,0,0,0,0,0,0,0,0
2015-07-01,Chris Patterson,0,0,0,0,0,0,0,0,0,0,0,0,0,0,0,0,0,0,0,0,0
2015-07-01,Jaex,0,0,0,0,0,0,0,0,0,0,0,0,0,0,0,0,0,0,0,0,0
2015-07-01,Kurt,0,0,0,0,0,0,0,0,0,0,0,0,0,0,0,0,0,0,0,0,0
2015-07-01,Martijn Laarman,0,0,0,0,0,0,0,0,0,0,0,0,0,0,0,0,0,0,0,0,0
2015-07-01,Mogens Heller Grabe,0,2,0,0,0,0,0,0,0,0,4,0,0,0,0,0,0,0,0,0,0
2015-08-01,Chris Patterson,0,0,0,0,0,0,0,0,0,0,0,0,0,0,0,0,0,0,0,0,0
2015-08-01,Jaex,0,0,0,0,0,0,0,0,0,0,0,0,0,0,0,0,0,0,0,0,0
2015-08-01,James Jackson-South,0,0,0,0,0,0,0,0,0,0,0,0,0,0,0,0,0,0,0,0,0
2015-08-01,Kurt,0,0,0,0,0,0,0,0,0,0,0,0,0,0,0,0,0,0,0,0,0
2015-08-01,Martijn Laarman,0,0,0,0,0,0,0,0,0,0,0,0,0,0,0,0,0,0,0,0,0
2015-08-01,Mogens Heller Grabe,0,8,0,0,0,0,0,0,0,0,0,0,0,0,0,0,0,0,2,0,0
2015-09-01,Chris Patterson,0,0,0,0,0,0,0,0,0,0,0,0,0,0,0,0,0,0,0,0,0
2015-09-01,Jaex,0,0,0,0,0,0,0,0,0,1,0,0,0,0,0,0,0,0,0,0,0
2015-09-01,James Jackson-South,0,0,0,0,0,0,0,0,0,0,0,0,0,0,0,0,0,0,0,0,0
2015-09-01,Kurt,0,0,0,0,0,0,0,0,0,0,0,0,0,0,0,0,0,0,0,0,0
2015-09-01,Martijn Laarman,0,0,0,1,0,0,0,0,0,0,0,0,0,0,0,0,0,0,0,0,0
2015-09-01,Mogens Heller Grabe,0,0,0,0,0,0,0,0,0,0,0,0,0,0,0,0,0,0,0,0,0
2015-09-01,Rico Suter,0,0,0,0,0,0,0,0,0,0,0,0,0,0,0,0,0,0,0,0,0
2015-10-01,Chris Patterson,0,0,0,0,0,0,0,0,0,0,0,0,0,0,0,0,0,0,0,0,0
2015-10-01,Jaex,0,0,0,0,0,0,0,0,0,0,0,0,0,0,0,0,0,0,0,0,0
2015-10-01,James Jackson-South,0,0,0,0,0,0,0,0,0,2,0,0,0,0,0,0,0,0,0,0,0
2015-10-01,JustArchi,0,0,0,0,0,0,0,0,0,0,0,0,0,0,0,0,0,0,0,0,0
2015-10-01,Kurt,0,0,0,0,0,0,0,0,0,0,0,0,0,0,0,0,0,0,0,0,0
2015-10-01,Martijn Laarman,0,0,0,2,0,0,0,0,0,0,0,0,0,0,0,0,0,0,0,0,0
2015-10-01,Mogens Heller Grabe,0,0,0,0,0,0,0,0,0,0,0,0,0,0,0,0,0,0,0,0,0
2015-10-01,Rico Suter,0,0,0,0,0,0,0,0,0,0,0,0,0,0,0,0,0,0,0,0,0
2015-11-01,Chris Patterson,0,0,0,1,0,0,0,0,0,0,0,0,0,0,0,0,0,0,0,0,0
2015-11-01,Jaex,0,0,0,0,0,0,0,0,0,0,0,0,0,0,0,0,0,0,0,0,0
2015-11-01,James Jackson-South,0,0,0,0,0,0,0,0,0,2,0,0,0,0,0,0,0,0,0,0,0
2015-11-01,JustArchi,0,0,0,0,0,0,0,0,0,0,0,0,0,0,0,0,0,0,0,0,0
2015-11-01,Kurt,0,0,0,0,0,0,0,0,0,0,0,0,0,0,0,0,0,0,0,0,0
2015-11-01,Martijn Laarman,0,0,0,0,0,0,0,0,0,0,0,0,0,0,0,0,0,0,0,0,0
2015-11-01,Mogens Heller Grabe,0,4,0,0,0,0,0,0,0,0,0,0,0,0,0,0,0,0,0,0,0
2015-11-01,Rico Suter,0,0,0,0,0,0,0,0,0,0,0,0,0,0,0,0,0,0,0,0,0
2015-12-01,Chris Patterson,0,0,0,0,0,0,0,0,0,0,0,0,0,0,0,0,0,0,0,0,0
2015-12-01,Jaex,0,0,0,0,0,0,0,0,0,0,0,0,0,0,0,0,0,0,0,0,0
2015-12-01,James Jackson-South,0,0,0,0,0,0,0,0,0,0,0,0,0,0,0,0,0,0,0,0,0
2015-12-01,JustArchi,0,0,0,0,0,0,0,0,0,0,0,0,0,0,0,0,0,0,0,0,0
2015-12-01,Kurt,0,0,0,0,0,0,0,0,0,0,0,0,0,0,0,0,0,0,0,0,0
2015-12-01,Martijn Laarman,0,0,0,0,0,0,0,0,0,0,0,0,0,0,0,0,0,0,0,0,0
2015-12-01,Mogens Heller Grabe,0,13,0,0,0,0,0,0,0,0,0,0,0,0,0,0,0,0,0,0,0
2015-12-01,Rico Suter,0,0,0,0,0,0,0,0,0,0,0,0,0,0,0,0,0,0,0,0,0
2016-01-01,Chris Patterson,0,0,0,0,0,0,0,0,0,0,0,0,0,0,0,0,0,0,0,0,0
2016-01-01,Jaex,0,0,0,0,0,0,0,0,0,2,0,0,0,0,0,0,0,0,0,0,0
2016-01-01,James Jackson-South,0,0,0,0,0,0,0,0,0,0,0,0,0,0,0,0,0,0,0,0,0
2016-01-01,JustArchi,0,0,0,0,0,0,0,0,0,0,0,0,0,0,0,0,0,0,0,0,0
2016-01-01,Kurt,0,0,0,0,0,0,0,0,0,0,0,0,0,0,0,0,0,0,0,0,0
2016-01-01,Martijn Laarman,0,0,0,0,0,0,0,0,0,0,0,0,0,0,0,0,0,0,0,0,0
2016-01-01,Mogens Heller Grabe,0,7,0,0,0,0,0,0,0,0,0,0,0,0,0,0,0,0,0,0,0
2016-01-01,Rico Suter,0,0,0,0,0,0,0,0,0,0,0,0,0,0,0,0,0,0,0,0,0
2016-02-01,Chris Patterson,0,0,0,0,0,0,0,0,0,0,0,0,0,0,0,0,0,0,0,0,0
2016-02-01,Jaex,0,0,0,0,0,0,0,0,0,0,0,0,0,0,0,0,0,0,0,0,0
2016-02-01,James Jackson-South,0,0,0,0,0,0,0,0,0,0,0,0,0,0,0,0,0,0,0,0,0
2016-02-01,JustArchi,0,0,0,0,0,0,0,0,0,0,0,0,0,0,0,0,0,0,0,0,0
2016-02-01,Martijn Laarman,0,0,0,0,0,0,0,0,0,0,0,0,0,0,0,0,0,0,0,0,0
2016-02-01,Mogens Heller Grabe,0,0,0,1,0,0,0,0,0,0,0,0,0,0,0,0,0,0,0,0,0
2016-02-01,Rico Suter,0,0,0,0,0,0,0,0,0,0,0,0,0,0,0,0,0,0,0,0,0
2016-03-01,Chris Patterson,0,0,0,0,0,0,0,0,0,0,0,0,0,0,0,0,0,0,0,0,0
2016-03-01,Jaex,0,0,0,0,0,0,0,0,0,0,0,0,0,0,0,0,0,0,0,0,0
2016-03-01,James Jackson-South,0,0,0,0,0,0,0,0,0,7,0,0,0,0,0,0,0,0,0,0,0
2016-03-01,JustArchi,0,0,0,0,0,0,0,0,0,0,0,0,0,0,0,0,0,0,0,0,0
2016-03-01,Mogens Heller Grabe,0,0,0,0,0,0,0,0,0,0,0,0,0,0,0,0,0,0,0,0,0
2016-03-01,Rico Suter,0,0,0,0,0,0,0,0,0,0,0,0,0,0,0,0,0,0,0,0,0
2016-04-01,Chris Patterson,0,0,0,0,0,0,0,0,0,0,0,0,0,0,0,0,0,0,0,0,0
2016-04-01,Jaex,0,0,0,0,0,0,0,0,0,0,0,0,0,0,0,0,0,0,0,0,0
2016-04-01,James Jackson-South,0,0,0,0,0,0,0,0,0,0,0,0,0,0,0,0,0,0,0,0,0
2016-04-01,JustArchi,0,0,0,0,0,0,0,0,0,0,0,0,0,0,0,0,0,0,0,0,0
2016-04-01,Martijn Laarman,0,0,0,0,0,0,0,0,0,0,0,0,0,0,0,0,0,0,0,0,0
2016-04-01,Mogens Heller Grabe,0,4,0,0,0,0,0,0,0,0,0,0,0,0,0,0,0,0,0,0,0
2016-04-01,Rico Suter,0,0,0,0,0,0,0,0,0,0,0,0,0,0,0,0,0,0,0,0,0
2016-05-01,Chris Patterson,0,0,0,0,0,0,0,0,0,0,0,0,0,0,0,0,0,0,0,0,0
2016-05-01,Jaex,0,0,0,0,0,0,0,0,0,2,0,0,0,0,0,0,0,0,0,0,0
2016-05-01,James Jackson-South,0,0,0,0,0,0,0,0,0,3,0,0,0,0,0,0,0,0,0,0,0
2016-05-01,JustArchi,0,0,0,0,0,0,0,0,0,0,0,0,0,0,0,0,0,0,0,0,0
2016-05-01,Mogens Heller Grabe,0,0,0,0,0,0,0,0,0,0,0,0,0,0,0,0,0,0,0,0,0
2016-05-01,Rico Suter,0,0,0,0,0,0,0,0,0,0,0,0,0,0,0,0,0,0,0,0,0
2016-06-01,Chris Patterson,0,0,0,0,0,0,0,0,0,0,0,0,0,0,0,0,0,0,0,0,0
2016-06-01,Jaex,0,0,0,0,0,0,0,0,0,1,0,0,0,0,0,0,0,0,0,0,0
2016-06-01,James Jackson-South,0,0,0,0,0,0,0,0,0,0,0,0,0,0,0,0,0,0,0,0,0
2016-06-01,JustArchi,0,0,0,0,0,0,0,0,0,0,0,0,0,0,0,0,0,0,0,0,0
2016-06-01,Mogens Heller Grabe,0,0,0,0,0,0,0,0,0,0,0,0,0,0,0,0,0,0,0,0,0
2016-06-01,Rico Suter,0,0,0,0,0,0,0,0,0,0,0,0,0,0,0,0,0,0,0,0,0
2016-06-01,win,0,0,0,0,0,0,0,0,0,2,0,0,0,0,0,0,0,0,0,0,0
2016-07-01,Chris Patterson,0,0,0,0,0,0,0,0,0,0,0,0,0,0,0,0,0,0,0,0,0
2016-07-01,Jaex,0,0,0,0,0,0,0,0,0,0,0,0,0,0,0,0,0,0,0,0,0
2016-07-01,James Jackson-South,0,0,0,0,0,0,0,0,0,0,0,0,0,0,0,0,0,0,0,0,0
2016-07-01,JustArchi,0,0,0,0,0,0,0,0,0,0,0,0,0,0,0,0,0,0,0,0,0
2016-07-01,Martijn Laarman,0,0,0,0,0,0,0,0,0,0,0,0,0,0,0,0,0,0,0,0,0
2016-07-01,Mogens Heller Grabe,0,1,0,0,0,0,0,0,0,0,0,0,0,0,0,0,0,0,0,0,0
2016-07-01,Rico Suter,0,0,0,0,0,0,0,0,0,0,0,0,0,0,0,0,0,0,0,0,0
2016-07-01,win,0,0,0,0,0,0,0,0,0,0,0,0,0,0,0,0,0,0,0,0,0
2016-08-01,Chris Patterson,0,0,0,0,0,0,0,0,0,0,0,0,0,0,0,0,0,0,0,0,0
2016-08-01,Jaex,0,0,0,0,0,0,0,0,0,0,0,0,0,0,0,0,0,0,0,0,0
2016-08-01,James Jackson-South,0,0,0,0,0,0,0,0,0,1,0,0,0,0,0,0,0,0,0,0,0
2016-08-01,JustArchi,0,0,0,0,0,0,0,0,0,0,0,0,0,0,0,0,0,0,0,0,0
2016-08-01,Martijn Laarman,0,0,0,0,0,0,0,0,0,0,0,0,0,0,0,0,0,0,0,0,0
2016-08-01,Mogens Heller Grabe,0,1,0,0,0,0,0,0,0,0,0,0,0,0,0,0,0,0,0,0,0
2016-08-01,Rico Suter,0,0,0,0,0,0,0,0,0,0,0,0,0,0,0,0,0,0,0,0,0
2016-09-01,Chris Patterson,0,0,0,0,0,0,0,0,0,0,0,0,0,0,0,0,0,0,0,0,0
2016-09-01,Jaex,0,0,0,0,0,0,0,0,0,0,0,0,0,0,0,0,0,0,0,0,0
2016-09-01,James Jackson-South,0,0,0,0,0,0,0,0,0,0,0,0,0,0,0,0,0,0,0,0,0
2016-09-01,JustArchi,0,0,0,0,0,0,0,0,0,0,0,0,0,0,0,0,0,0,0,0,0
2016-09-01,Martijn Laarman,0,0,0,0,0,0,0,0,0,0,0,0,0,0,0,0,0,0,0,0,0
2016-09-01,Mogens Heller Grabe,0,0,0,0,0,0,0,0,0,0,0,0,0,0,0,0,0,0,0,0,0
2016-09-01,Rico Suter,0,0,0,0,0,0,0,0,0,0,0,0,0,0,0,0,0,0,0,0,0
2016-09-01,win,0,0,0,0,0,0,0,0,0,0,0,0,0,0,0,0,0,0,0,0,0
2016-10-01,Chris Patterson,0,0,0,0,0,0,0,0,0,0,0,0,0,0,0,0,0,0,0,0,0
2016-10-01,Jaex,0,0,0,0,0,0,0,0,0,1,0,0,0,0,0,0,0,0,0,0,0
2016-10-01,James Jackson-South,0,0,0,0,0,0,0,0,0,0,0,0,0,0,0,0,0,0,0,0,0
2016-10-01,JustArchi,0,0,0,0,0,0,0,0,0,0,0,0,0,0,0,0,0,0,0,0,0
2016-10-01,Martijn Laarman,0,0,0,0,0,0,0,0,0,0,0,0,0,0,0,0,0,0,0,0,0
2016-10-01,Mogens Heller Grabe,0,0,0,0,0,0,0,0,0,0,0,0,0,0,0,0,0,0,0,0,0
2016-10-01,Rico Suter,0,0,0,0,0,0,0,0,0,0,0,0,0,0,0,0,0,0,0,0,0
2016-10-01,win,0,0,0,0,0,0,0,0,0,0,0,0,0,0,0,0,0,0,0,0,0
2016-11-01,Chris Patterson,0,0,0,0,0,0,0,0,0,0,0,0,0,0,0,0,0,0,0,0,0
2016-11-01,Jaex,0,0,0,0,0,0,0,0,0,0,0,0,0,0,0,0,0,0,0,0,0
2016-11-01,James Jackson-South,0,0,0,0,0,0,0,0,0,0,0,0,0,0,0,0,0,0,0,0,0
2016-11-01,JustArchi,0,0,0,0,0,0,0,0,0,0,0,0,0,0,0,0,0,0,0,0,0
2016-11-01,Kurt,0,0,0,0,0,0,0,0,0,2,0,0,0,0,0,0,0,0,0,0,0
2016-11-01,Martijn Laarman,0,0,0,0,0,0,0,0,0,0,0,0,0,0,0,0,0,0,0,0,0
2016-11-01,Mogens Heller Grabe,0,0,0,0,0,0,0,0,0,0,0,0,0,0,0,0,0,0,0,0,0
2016-11-01,Rico Suter,0,0,0,0,0,0,0,0,0,0,0,0,0,0,0,0,0,0,0,0,0
2016-11-01,win,0,0,0,0,0,0,0,0,0,0,0,0,0,0,0,0,0,0,0,0,0
2016-12-01,Chris Patterson,0,0,0,0,0,0,0,0,0,0,0,0,0,0,0,0,0,0,0,0,0
2016-12-01,Jaex,0,0,0,0,0,0,0,0,0,0,0,0,0,0,0,0,0,0,0,0,0
2016-12-01,James Jackson-South,0,0,0,0,0,0,0,0,0,0,0,0,0,0,0,0,0,0,0,0,0
2016-12-01,JustArchi,0,0,0,0,0,0,0,0,0,0,0,0,0,0,0,0,0,0,0,0,0
2016-12-01,Kurt,0,0,0,0,0,0,0,0,0,0,0,0,0,0,0,0,0,0,0,0,0
2016-12-01,Martijn Laarman,0,0,0,0,0,0,0,0,0,0,0,0,0,0,0,0,0,0,0,0,0
2016-12-01,Mogens Heller Grabe,0,0,0,0,0,0,0,0,0,0,0,0,0,0,0,0,0,0,0,0,0
2016-12-01,Rico Suter,0,0,0,0,0,0,0,0,0,0,0,0,0,0,0,0,0,0,0,0,0
2016-12-01,win,0,0,0,0,0,0,0,0,0,0,0,0,0,0,0,0,0,0,0,0,0
2017-01-01,Chris Patterson,0,0,0,0,0,0,0,0,0,0,0,0,0,0,0,0,0,0,0,0,0
2017-01-01,Jaex,0,0,0,0,0,0,0,0,0,0,0,0,0,0,0,0,0,0,0,0,0
2017-01-01,James Jackson-South,0,0,0,0,0,0,0,0,0,1,0,0,0,0,0,0,0,0,0,0,0
2017-01-01,JustArchi,0,0,0,0,0,0,0,0,0,0,0,0,0,0,0,0,0,0,0,0,0
2017-01-01,Kurt,0,0,0,0,0,0,0,0,0,0,0,0,0,0,0,0,0,0,0,0,0
2017-01-01,Martijn Laarman,0,0,0,0,0,0,0,0,0,0,0,0,0,0,0,0,0,0,0,0,0
2017-01-01,Mogens Heller Grabe,0,0,0,0,0,0,0,0,0,0,0,0,0,0,0,0,0,0,0,0,0
2017-01-01,Rico Suter,0,0,0,0,0,0,0,0,0,0,0,0,0,0,0,0,0,0,0,0,0
2017-02-01,Chris Patterson,0,0,0,0,0,0,0,0,0,0,0,0,0,0,0,0,0,0,0,0,0
2017-02-01,Jaex,0,0,0,0,0,0,0,0,0,0,0,0,0,0,0,0,0,0,0,0,0
2017-02-01,James Jackson-South,0,0,0,0,0,0,0,0,0,0,0,0,0,0,0,0,0,0,0,0,0
2017-02-01,JustArchi,0,0,0,0,0,0,0,0,0,0,0,0,0,0,0,0,0,0,0,0,0
2017-02-01,Kurt,0,0,0,0,0,0,0,0,0,3,0,0,0,0,0,0,0,0,0,0,0
2017-02-01,Martijn Laarman,0,0,0,0,0,0,0,0,0,0,0,0,0,0,0,0,0,0,0,0,0
2017-02-01,Mogens Heller Grabe,0,20,0,0,0,0,0,0,0,0,0,0,0,0,0,0,0,0,0,0,0
2017-02-01,Rico Suter,0,0,0,0,0,0,0,0,0,0,0,0,0,0,0,0,0,0,0,0,0
2017-02-01,win,0,0,0,0,0,0,0,0,0,0,0,0,0,0,0,0,0,0,0,0,0
2017-03-01,Chris Patterson,0,0,0,0,0,0,0,0,0,0,0,0,0,0,0,0,0,0,0,0,0
2017-03-01,Jaex,0,0,0,12,0,0,0,0,0,0,0,0,0,0,0,0,0,0,0,0,0
2017-03-01,James Jackson-South,3,3,8,0,0,0,0,0,0,3,0,0,0,0,0,0,0,0,0,0,0
2017-03-01,JustArchi,0,0,0,0,0,0,0,0,0,0,0,0,0,0,0,0,0,0,0,0,0
2017-03-01,Kurt,0,0,0,0,0,0,0,0,0,1,0,0,0,0,0,0,0,0,0,0,0
2017-03-01,Martijn Laarman,0,0,0,0,0,0,0,0,0,0,0,0,0,0,0,0,0,0,0,0,0
2017-03-01,Mogens Heller Grabe,0,20,0,0,3,0,0,0,0,0,0,0,0,0,0,0,0,0,0,0,0
2017-03-01,Rico Suter,0,0,0,0,0,0,0,0,0,0,0,0,0,0,0,0,0,0,0,0,0
2017-03-01,win,0,0,0,0,0,0,0,0,0,0,0,0,0,0,0,0,0,0,0,0,0
2017-04-01,Chris Patterson,0,0,0,0,0,0,0,0,0,0,0,0,0,0,0,0,0,0,0,0,0
2017-04-01,Jaex,0,0,0,0,0,0,0,0,0,0,0,0,0,0,0,0,0,0,0,0,0
2017-04-01,James Jackson-South,13,1,428,77,9,0,0,0,0,0,0,0,0,0,0,0,0,0,0,0,0
2017-04-01,JustArchi,4,0,0,12,10,0,0,0,0,0,0,0,0,0,0,0,0,0,0,0,0
2017-04-01,Kurt,0,0,0,0,0,0,0,0,0,0,0,0,0,0,0,0,0,0,0,0,0
2017-04-01,Martijn Laarman,0,0,0,0,0,0,0,0,0,0,0,0,0,0,0,0,0,0,0,0,0
2017-04-01,Mogens Heller Grabe,0,13,0,2,1,0,0,0,0,0,0,0,0,0,0,0,0,0,0,0,0
2017-04-01,Rico Suter,0,0,0,0,0,0,0,0,0,0,0,0,0,0,0,0,0,0,0,0,0
2017-04-01,win,0,0,0,0,0,0,0,0,0,0,0,0,0,0,0,0,0,0,0,0,0
2017-05-01,Jaex,3,0,0,0,0,0,0,0,0,0,0,0,0,0,0,0,0,0,0,0,0
2017-05-01,James Jackson-South,7,38,173,111,1,0,0,0,0,1,0,0,0,0,0,0,0,0,0,0,0
2017-05-01,JustArchi,0,0,0,1,0,0,0,0,0,0,0,0,0,0,0,0,0,0,0,0,0
2017-05-01,Kurt,25,46,0,4834,143,0,0,2,0,1,0,0,0,0,0,0,0,0,0,0,0
2017-05-01,Martijn Laarman,0,0,0,0,0,0,0,0,0,0,0,0,0,0,0,0,0,0,0,0,0
2017-05-01,Mogens Heller Grabe,2,6,0,2,9,0,0,0,0,0,0,0,0,0,0,0,0,0,0,0,0
2017-05-01,Rico Suter,0,0,0,0,0,0,0,0,0,0,0,0,0,0,0,0,0,0,0,0,0
2017-05-01,win,0,0,0,0,0,0,0,0,0,0,0,0,0,0,0,0,0,0,0,0,0
2017-06-01,Chris Patterson,0,0,0,0,0,0,0,0,0,0,0,0,0,0,0,0,0,0,0,0,0
2017-06-01,Jaex,3,0,0,0,0,0,0,0,0,0,0,0,0,0,0,0,0,0,0,0,0
2017-06-01,James Jackson-South,3,0,131,14,0,0,0,0,0,1,0,0,0,0,0,0,0,0,0,0,0
2017-06-01,JustArchi,1,0,0,2,8,0,0,0,0,0,0,0,0,0,0,0,0,0,0,0,0
2017-06-01,Kurt,35,98,0,557,1,0,1,6,0,8,0,0,0,0,0,0,0,0,0,0,0
2017-06-01,Martijn Laarman,1,0,0,0,1,0,0,0,0,0,0,0,0,0,0,0,0,0,0,0,0
2017-06-01,Mogens Heller Grabe,1,10,0,0,5,0,0,0,0,0,0,0,0,0,0,0,0,0,0,0,0
2017-06-01,Rico Suter,0,0,0,18,0,0,0,0,0,0,0,0,0,0,0,0,0,0,0,0,0
2017-06-01,win,0,0,0,0,0,0,0,0,0,0,0,0,0,0,0,0,0,0,0,0,0
2017-07-01,Chris Patterson,0,0,0,0,0,0,0,0,0,0,0,0,0,0,0,0,0,0,0,0,0
2017-07-01,Jaex,0,0,0,0,0,0,0,0,0,0,0,0,0,0,0,0,0,0,0,0,0
2017-07-01,James Jackson-South,4,0,0,0,0,0,0,1,0,0,0,0,0,0,0,0,0,0,0,0,0
2017-07-01,JustArchi,16,0,0,4,2,0,0,0,0,8,15,0,0,0,0,0,0,0,0,0,0
2017-07-01,Kurt,5,26,0,409,0,0,0,0,0,0,0,0,0,0,0,0,0,0,0,0,0
2017-07-01,Martijn Laarman,6,0,0,9,0,0,0,0,0,0,0,0,0,0,0,0,0,0,0,0,0
2017-07-01,Mogens Heller Grabe,2,0,0,1,12,0,0,0,0,0,0,0,0,0,0,0,0,0,0,0,0
2017-07-01,Rico Suter,0,0,0,0,0,0,0,0,0,0,0,0,0,0,0,0,0,0,0,0,0
2017-07-01,win,0,0,0,0,0,0,0,0,0,0,0,0,0,0,0,0,0,0,0,0,0
2017-08-01,Jaex,0,0,0,0,0,0,0,0,0,0,0,0,0,0,0,0,0,0,0,0,0
2017-08-01,James Jackson-South,1,0,99,6,0,0,0,0,0,0,0,0,0,0,0,0,0,0,0,0,0
2017-08-01,JustArchi,3,0,0,3,1,0,0,0,2,0,0,0,0,0,0,0,0,0,0,0,0
2017-08-01,Kurt,1,1,0,58,0,0,0,0,0,1,0,0,0,0,0,0,0,0,0,0,0
2017-08-01,Mogens Heller Grabe,1,1,0,0,20,0,0,0,0,0,0,0,0,0,0,0,0,0,0,0,0
2017-08-01,Rico Suter,0,0,0,4,0,0,0,0,0,0,0,0,0,0,0,0,0,0,0,0,0
2017-08-01,Swan,0,0,0,0,0,0,0,0,0,0,0,0,0,0,0,0,0,0,0,0,0
2017-09-01,Chris Patterson,33,3,0,0,2,0,0,0,0,0,0,0,0,0,0,0,0,0,0,0,0
2017-09-01,Jaex,4,0,0,0,0,0,0,0,0,0,0,0,0,0,0,0,0,0,0,0,0
2017-09-01,James Jackson-South,1,0,40,7,0,0,0,0,0,0,0,0,0,0,0,0,0,0,0,0,0
2017-09-01,JustArchi,10,0,0,14,0,0,0,0,0,3,14,0,0,0,0,0,0,0,0,0,0
2017-09-01,Kurt,13,45,0,102,1,0,3,0,0,0,0,0,0,0,0,0,0,0,0,0,0
2017-09-01,Martijn Laarman,0,0,0,0,0,0,0,0,0,0,0,0,0,0,0,0,0,0,0,0,0
2017-09-01,Mogens Heller Grabe,1,0,0,0,0,0,0,0,0,0,0,0,0,0,0,0,0,0,0,0,0
2017-09-01,Rico Suter,4,6,0,10,0,0,0,0,0,0,0,0,0,0,0,0,0,0,0,0,0
2017-09-01,Swan,0,0,0,0,0,0,0,0,0,0,0,0,0,0,0,0,0,0,0,0,0
2017-10-01,Chris Patterson,5,0,0,0,3,0,0,0,0,0,0,0,0,0,0,0,0,0,0,0,0
2017-10-01,Jaex,4,1,0,0,0,0,0,0,0,0,0,0,0,0,0,0,0,0,0,0,0
2017-10-01,James Jackson-South,0,0,0,0,0,0,0,0,0,0,0,0,0,0,0,0,0,0,0,0,0
2017-10-01,JustArchi,3,0,0,0,0,0,0,0,0,0,2,0,0,0,0,0,0,0,0,0,0
2017-10-01,Kurt,7,32,0,140,2,0,0,0,0,0,0,0,0,0,0,0,0,0,0,0,0
2017-10-01,Martijn Laarman,0,0,0,0,0,0,0,0,0,0,0,0,0,0,0,0,0,0,0,0,0
2017-10-01,Mogens Heller Grabe,1,0,0,1,0,0,0,0,0,0,0,0,0,0,0,0,0,0,0,0,0
2017-10-01,Rico Suter,0,2,0,0,0,0,0,0,0,0,0,0,0,0,0,0,0,0,0,0,0
2017-10-01,Swan,1,0,0,57,0,0,0,0,0,0,0,0,0,0,0,0,0,0,0,0,0
2017-10-01,win,0,0,0,0,0,0,0,0,0,0,0,0,0,0,0,0,0,0,0,0,0
2017-11-01,Jaex,5,1,0,0,0,0,0,0,0,0,0,0,0,0,0,0,0,0,0,0,0
2017-11-01,James Jackson-South,53,6,188,22,5,0,0,1,0,5,0,0,0,0,0,0,0,0,0,0,0
2017-11-01,JustArchi,0,0,0,1,1,0,0,0,0,1,0,0,0,0,0,0,0,0,0,0,0
2017-11-01,Kurt,9,10,0,192,0,0,0,1,0,1,0,0,0,0,0,0,0,0,0,0,0
2017-11-01,Martijn Laarman,10,10,0,10,8,0,0,0,0,0,0,0,0,0,0,0,0,0,0,0,0
2017-11-01,Mogens Heller Grabe,19,8,0,7,38,0,0,0,0,0,0,0,0,0,0,0,0,0,0,0,0
2017-11-01,Rico Suter,0,0,0,0,0,0,0,0,0,0,0,0,0,0,0,0,0,0,0,0,0
2017-11-01,Swan,0,0,0,73,0,0,0,0,0,0,0,0,0,0,0,0,0,0,0,0,0
2017-11-01,win,1,0,0,0,0,0,0,0,0,0,0,0,0,0,0,0,0,0,0,0,0
2017-12-01,Chris Patterson,13,0,0,55,3,0,0,0,0,0,0,0,0,0,0,0,0,0,0,0,0
2017-12-01,Jaex,0,0,0,12,0,0,0,0,0,0,0,0,0,0,0,0,0,0,0,0,0
2017-12-01,James Jackson-South,29,0,38,8,0,0,0,0,0,0,0,0,0,0,0,0,0,0,0,0,0
2017-12-01,JustArchi,9,0,0,2,3,0,0,0,0,0,3,0,0,0,0,0,0,0,0,0,0
2017-12-01,Kurt,10,8,0,311,0,0,1,0,0,1,0,0,0,0,0,0,0,0,0,0,0
2017-12-01,Martijn Laarman,4,4,0,53,0,0,0,0,0,0,0,0,0,0,0,0,0,0,0,0,0
2017-12-01,Mogens Heller Grabe,9,2,0,6,20,0,0,0,0,0,0,0,0,0,0,0,0,0,0,0,0
2017-12-01,Rico Suter,0,0,0,0,0,0,0,0,0,0,0,0,0,0,0,0,0,0,0,0,0
2017-12-01,Swan,1,17,0,2,0,0,21,0,0,0,0,0,0,0,0,0,0,0,0,0,0
2017-12-01,win,4,0,0,34,54,0,0,0,0,1,0,0,0,0,0,0,0,0,0,0,0
2018-01-01,Chris Patterson,31,10,0,40,12,0,0,0,0,0,0,0,0,0,0,0,0,0,0,0,0
2018-01-01,Jaex,1,0,0,0,0,0,0,0,0,0,0,0,0,0,0,0,0,0,0,0,0
2018-01-01,James Jackson-South,9,1,14,0,0,0,0,2,0,0,0,0,0,0,0,0,0,0,0,0,0
2018-01-01,JustArchi,4,0,0,4,2,0,0,0,0,0,0,0,0,0,0,0,0,0,0,0,0
2018-01-01,Kurt,4,11,0,69,1,0,3,0,0,0,0,0,0,0,0,0,0,0,0,0,0
2018-01-01,Martijn Laarman,24,34,0,4381,2,0,0,1,0,0,0,0,0,0,0,0,0,0,0,0,0
2018-01-01,Mogens Heller Grabe,0,0,0,0,0,0,0,0,0,0,0,0,0,0,0,0,0,0,0,0,0
2018-01-01,Rico Suter,2,0,0,52,0,0,0,0,0,0,0,0,0,0,0,0,0,0,0,0,0
2018-01-01,Swan,2,0,0,6,0,0,0,0,0,0,0,0,0,0,0,0,0,0,0,0,0
2018-01-01,win,0,0,0,0,0,0,0,0,0,0,0,0,0,0,0,0,0,0,0,0,0
2018-02-01,Chris Patterson,65,4,0,40,1,0,0,1,0,167,6,0,0,0,0,0,0,0,0,0,0
2018-02-01,Jaex,0,0,0,0,0,0,0,0,0,0,0,0,0,0,0,0,0,0,0,0,0
2018-02-01,James Jackson-South,27,23,107,2,0,0,0,3,0,1,0,0,0,0,0,0,0,0,0,0,0
2018-02-01,JustArchi,12,0,0,8,0,0,0,0,0,21,0,0,0,0,0,0,0,0,0,0,0
2018-02-01,Kurt,9,8,0,716,0,0,0,0,0,0,0,0,0,0,0,0,0,0,0,0,0
2018-02-01,Martijn Laarman,1,2,0,1,2,0,0,0,0,0,0,0,0,0,0,0,0,0,0,0,0
2018-02-01,Mogens Heller Grabe,0,0,0,2,4,0,0,1,0,0,0,0,0,0,0,0,0,0,0,0,0
2018-02-01,Rico Suter,0,0,0,0,0,0,0,0,0,0,0,0,0,0,0,0,0,0,0,0,0
2018-02-01,Swan,3,0,0,39,0,0,0,0,0,0,0,0,0,0,0,0,0,0,0,0,0
2018-03-01,Chris Patterson,8,7,0,1,0,0,0,0,0,65,2,0,0,0,0,0,0,0,0,0,0
2018-03-01,Jaex,0,0,0,0,0,0,0,0,0,0,0,0,0,0,0,0,0,0,0,0,0
2018-03-01,James Jackson-South,19,7,571,2,0,0,3,1,0,1,48,0,0,0,0,0,0,0,0,0,0
2018-03-01,JustArchi,1,0,0,9,1,0,0,0,0,12,0,0,0,0,0,0,0,0,0,0,0
2018-03-01,Kurt,6,48,0,74,7,0,1,0,0,1,0,0,0,0,0,0,0,0,0,0,0
2018-03-01,Martijn Laarman,7,52,0,6,2,0,0,0,0,0,0,0,0,0,0,0,0,0,0,0,0
2018-03-01,Mogens Heller Grabe,0,0,0,0,0,0,0,0,0,0,0,0,0,0,0,0,0,0,0,0,0
2018-03-01,Rico Suter,0,1,0,8,0,0,0,0,0,0,0,0,0,0,0,0,0,0,0,0,0
2018-03-01,Swan,0,0,0,0,0,0,0,0,0,0,0,0,0,0,0,0,0,0,0,0,0
2018-04-01,Chris Patterson,25,1,0,5,1,0,0,3,0,60,0,0,0,0,0,0,0,0,0,0,0
2018-04-01,Jaex,7,0,0,1,0,0,0,0,0,0,0,0,0,0,0,0,0,0,0,0,0
2018-04-01,James Jackson-South,75,207,472,34,27,0,3,8,0,203,0,0,0,0,0,0,0,0,0,0,0
2018-04-01,JustArchi,1,0,0,2,0,0,0,0,1,2,10,0,0,0,0,0,0,0,0,0,0
2018-04-01,Kurt,8,19,0,70,0,0,4,1,0,0,0,0,0,0,0,0,0,0,0,0,0
2018-04-01,Martijn Laarman,0,0,0,0,0,0,0,0,0,0,0,0,0,0,0,0,0,0,0,0,0
2018-04-01,Rico Suter,0,0,0,47,0,0,0,0,0,0,0,0,0,0,0,0,0,0,0,0,0
2018-04-01,Swan,2,0,0,28,0,0,0,0,0,0,0,0,0,0,0,0,0,0,0,0,0
2018-04-01,win,0,0,0,0,0,0,0,0,0,0,0,0,0,0,0,0,0,0,0,0,0
2018-05-01,Chris Patterson,4,1,0,0,4,0,0,0,0,11,0,0,0,0,0,0,0,0,0,0,0
2018-05-01,Jaex,0,0,0,0,0,0,0,0,0,0,0,0,0,0,0,0,0,0,0,0,0
2018-05-01,James Jackson-South,265,39,88,7,0,0,6,8,0,145,0,0,0,0,0,0,0,0,0,0,0
2018-05-01,JustArchi,0,0,0,7,3,0,0,0,0,0,0,0,0,0,0,0,0,0,0,0,0
2018-05-01,Kurt,24,32,0,264,1,0,24,1,0,3,0,0,0,0,0,0,0,0,0,0,0
2018-05-01,Martijn Laarman,1,3,0,0,1,0,0,0,0,0,0,0,0,0,0,0,0,0,0,0,0
2018-05-01,Mogens Heller Grabe,2,0,0,0,3,0,0,0,0,0,0,0,0,0,0,0,0,0,0,0,0
2018-05-01,Rico Suter,0,0,0,0,0,0,0,0,0,0,0,0,0,0,0,0,0,0,0,0,0
2018-05-01,Swan,0,30,0,20,0,0,0,0,0,0,0,0,0,0,0,0,0,0,0,0,0
2018-05-01,win,4,0,0,0,6,0,0,0,0,0,0,0,0,0,0,0,0,0,0,0,0
2018-06-01,Chris Patterson,0,0,0,0,0,0,0,0,0,0,0,0,0,0,0,0,0,0,0,0,0
2018-06-01,Jaex,6,0,0,0,0,0,0,0,0,0,0,0,0,0,0,0,0,0,0,0,0
2018-06-01,James Jackson-South,50,292,192,72,0,0,1,4,0,455,0,0,0,0,0,0,0,0,0,0,0
2018-06-01,JustArchi,1,2,0,1,0,0,0,0,0,0,5,0,0,0,0,0,0,0,0,0,0
2018-06-01,Kurt,26,165,0,163,0,0,0,3,0,1,0,0,0,0,0,0,0,0,0,0,0
2018-06-01,Martijn Laarman,45,1,0,128,0,0,0,0,0,0,0,0,0,0,0,0,0,0,0,0,0
2018-06-01,Mogens Heller Grabe,3,0,0,3,8,0,0,0,0,0,0,0,0,0,0,0,0,0,0,0,0
2018-06-01,Rico Suter,0,0,0,12,0,0,0,0,0,0,0,0,0,0,0,0,0,0,0,0,0
2018-06-01,Swan,2,0,0,13,0,0,0,0,0,0,0,0,0,0,0,0,0,0,0,0,0
2018-06-01,win,71,0,0,0,6,0,0,0,0,1,0,0,0,0,0,0,0,0,0,0,0
2018-07-01,Chris Patterson,0,2,0,5,1,0,0,0,0,0,0,0,0,0,0,0,0,0,0,0,0
2018-07-01,Jaex,0,0,0,0,0,0,0,0,0,0,0,0,0,0,0,0,0,0,0,0,0
2018-07-01,James Jackson-South,36,222,679,18,0,0,4,4,0,193,0,0,0,0,0,0,0,0,0,0,0
2018-07-01,JustArchi,1,0,0,7,0,0,0,0,0,1,2,0,0,0,0,0,0,0,0,0,0
2018-07-01,Kurt,30,77,0,310,2,0,6,1,0,4,0,0,0,0,0,0,0,0,0,0,0
2018-07-01,Martijn Laarman,0,2,0,0,0,0,0,0,0,0,0,0,0,0,0,0,0,0,0,0,0
2018-07-01,Rico Suter,0,0,0,10,0,0,0,0,0,0,0,0,0,0,0,0,0,0,0,0,0
2018-07-01,Swan,4,0,0,27,1,0,0,0,0,0,0,0,0,0,0,0,0,0,0,0,0
2018-07-01,win,99,0,0,0,0,0,0,0,0,0,0,0,0,0,0,0,0,0,0,0,0
2018-08-01,Chris Patterson,6,4,0,6,0,0,0,0,0,15,0,0,0,0,0,0,0,0,0,0,0
2018-08-01,Jaex,0,0,0,4,0,0,0,0,0,0,0,0,0,0,0,0,0,0,0,0,0
2018-08-01,James Jackson-South,1,77,21,30,31,0,0,0,0,592,0,0,0,0,0,0,0,0,0,0,0
2018-08-01,JustArchi,2,0,0,0,0,0,0,0,0,0,4,0,0,0,0,0,0,0,0,0,0
2018-08-01,Kurt,34,30,0,1050,2,0,2,1,0,3,0,0,0,0,0,0,0,0,0,0,0
2018-08-01,Martijn Laarman,10,16,0,352,4,0,5,0,0,0,0,0,0,0,0,0,0,0,0,0,0
2018-08-01,Mogens Heller Grabe,2,0,0,0,0,0,0,0,0,0,0,0,0,0,0,0,0,0,0,0,0
2018-08-01,Rico Suter,0,0,0,0,0,0,0,0,0,0,0,0,0,0,0,0,0,0,0,0,0
2018-08-01,Swan,0,41,0,24,5,0,0,0,0,0,0,0,0,0,0,0,0,0,0,0,0
2018-08-01,win,56,0,0,0,0,0,0,0,0,0,0,0,0,0,0,0,0,0,0,0,0
2018-09-01,Chris Patterson,3,0,0,4,0,0,0,0,0,1,0,0,0,0,0,0,0,0,0,0,0
2018-09-01,Jaex,0,0,0,0,0,0,0,0,0,0,0,0,0,0,0,0,0,0,0,0,0
2018-09-01,James Jackson-South,43,48,101,39,1,0,4,0,0,910,0,0,0,0,0,0,0,0,0,0,0
2018-09-01,JustArchi,25,0,0,14,6,0,0,0,0,0,27,0,0,0,0,0,0,0,0,0,0
2018-09-01,Kurt,5,16,0,2006,0,0,3,0,0,5,0,0,0,0,0,0,0,0,0,0,0
2018-09-01,Martijn Laarman,2,0,0,3,0,0,0,0,0,0,0,0,0,0,0,0,0,0,0,0,0
2018-09-01,Mogens Heller Grabe,10,2,0,8,16,0,0,1,0,0,0,0,0,0,0,0,0,0,0,0,0
2018-09-01,Rico Suter,0,0,0,11,2,0,0,0,0,0,0,0,0,0,0,0,0,0,0,0,0
2018-09-01,Swan,2,0,0,8,0,0,0,0,0,0,0,0,0,0,0,0,0,0,0,0,0
2018-09-01,win,89,0,0,4,0,0,0,0,0,0,0,0,0,0,0,0,0,0,0,0,0
2018-10-01,Chris Patterson,17,7,0,4,4,0,0,0,0,4,0,0,0,0,0,0,0,0,0,0,0
2018-10-01,Jaex,37,2,0,0,0,0,0,0,0,0,0,0,0,0,0,0,0,0,0,0,0
2018-10-01,James Jackson-South,59,298,3759,396,25,0,0,0,0,909,2,0,0,0,0,0,0,0,0,0,0
2018-10-01,JustArchi,4,0,0,1,0,0,0,0,0,0,20,0,0,0,0,0,0,0,0,0,0
2018-10-01,Kurt,16,17,0,25,0,0,0,5,0,0,0,0,0,0,0,0,0,0,0,0,0
2018-10-01,Martijn Laarman,2,3,0,443,0,0,5,0,0,22,0,0,0,0,0,0,0,0,0,0,0
2018-10-01,Mogens Heller Grabe,2,0,0,0,17,0,0,0,0,0,0,0,0,0,0,0,0,0,0,0,0
2018-10-01,Rico Suter,1,0,0,0,5,0,0,0,0,0,0,0,0,0,0,0,0,0,0,0,0
2018-10-01,Swan,4,4,0,26,0,0,0,0,0,0,0,0,0,0,0,0,0,0,0,0,0
2018-10-01,win,27,0,0,4,0,0,0,0,0,0,0,0,0,0,0,0,0,0,0,0,0
2018-11-01,Chris Patterson,2,0,0,0,0,0,0,0,0,0,0,0,0,0,0,0,0,0,0,0,0
2018-11-01,Jaex,0,0,0,0,0,0,0,0,0,0,0,0,0,0,0,0,0,0,0,0,0
2018-11-01,James Jackson-South,25,1,185,18,0,0,0,0,0,41,4,0,0,0,0,0,0,0,0,0,0
2018-11-01,JustArchi,11,0,0,3,1,0,0,0,0,1,10,0,0,0,0,0,0,0,0,0,0
2018-11-01,Kurt,38,45,0,1279,0,0,4,0,0,1,0,0,0,0,0,0,0,0,0,0,0
2018-11-01,Martijn Laarman,101,54,0,585,42,0,8,0,0,22,0,0,0,0,0,0,0,0,0,0,0
2018-11-01,Mogens Heller Grabe,10,2,0,8,19,0,0,1,0,0,0,0,0,0,0,0,0,0,0,0,0
2018-11-01,Rico Suter,0,0,0,4,7,0,0,0,0,0,0,0,0,0,0,0,0,0,0,0,0
2018-11-01,Swan,2,8,0,11,2,0,0,0,0,7,0,0,0,0,0,0,0,0,0,0,0
2018-11-01,win,35,0,0,8,0,0,0,0,0,0,0,0,0,0,0,0,0,0,0,0,0
2018-12-01,Chris Patterson,18,5,0,5,0,0,0,0,0,31,0,0,0,0,0,0,0,0,0,0,0
2018-12-01,Jaex,0,0,0,0,0,0,0,0,0,1,0,0,0,0,0,0,0,0,0,0,0
2018-12-01,James Jackson-South,4,8,8,0,22,0,0,0,0,5,0,0,0,0,0,0,0,0,0,0,0
2018-12-01,JustArchi,24,3,0,10,6,0,0,0,0,4,40,0,0,0,0,0,0,0,0,0,0
2018-12-01,Kurt,15,36,0,374,3,0,1,2,0,0,0,0,0,0,0,0,0,0,0,0,0
2018-12-01,Mogens Heller Grabe,3,1,0,2,42,0,0,1,0,0,0,0,0,0,0,0,0,0,0,0,0
2018-12-01,Rico Suter,0,0,0,0,0,0,0,0,0,0,0,0,0,0,0,0,0,0,0,0,0
2018-12-01,Swan,0,0,0,20,9,0,0,0,0,0,0,0,0,0,0,0,0,0,0,0,0
2018-12-01,win,134,0,0,638,15,0,0,0,0,1,0,0,0,0,0,0,0,0,0,0,0
2019-01-01,Chris Patterson,44,8,0,6,1,0,0,0,0,37,0,0,0,0,0,0,0,0,0,0,0
2019-01-01,Jaex,0,1,0,3,0,0,0,0,0,0,0,0,0,0,0,0,0,0,0,0,0
2019-01-01,James Jackson-South,0,1,5,2,0,0,0,0,0,5,0,0,0,0,0,0,0,0,0,0,0
2019-01-01,JustArchi,11,1,0,26,18,0,0,0,0,2,44,0,0,0,0,0,0,0,0,0,0
2019-01-01,Kurt,8,6,0,170,0,0,0,0,0,1,0,0,0,0,0,0,0,0,0,0,0
2019-01-01,Martijn Laarman,5,2,0,47,0,0,0,1,0,53,8,0,0,0,0,0,0,0,0,0,0
2019-01-01,Mogens Heller Grabe,4,0,0,0,3,0,0,0,0,0,0,0,0,0,0,0,0,0,0,0,0
2019-01-01,Rico Suter,0,0,0,0,0,0,0,0,0,0,0,0,0,0,0,0,0,0,0,0,0
2019-01-01,Swan,0,20,0,28,13,0,0,0,0,0,4,0,0,0,0,0,0,0,0,0,0
2019-01-01,win,165,0,0,148,42,0,0,0,0,0,0,0,0,0,0,0,0,0,0,0,0
2019-02-01,Chris Patterson,15,13,0,21,2,0,0,0,0,27,0,0,0,0,0,0,0,0,0,0,0
2019-02-01,Jaex,0,2,0,0,0,0,0,0,0,1,0,0,0,0,0,0,0,0,0,0,0
2019-02-01,James Jackson-South,0,2,40,0,7,0,0,0,0,0,0,0,0,0,0,0,0,0,0,0,0
2019-02-01,JustArchi,11,0,0,4,0,0,0,0,0,0,32,0,0,0,0,0,0,0,0,0,0
2019-02-01,Kurt,22,33,0,426,0,0,3,0,0,2,0,0,0,0,0,0,0,0,0,0,0
2019-02-01,Mogens Heller Grabe,1,0,0,1,0,0,0,0,0,0,0,0,0,0,0,0,0,0,0,0,0
2019-02-01,Rico Suter,0,0,0,0,0,0,0,0,0,0,0,0,0,0,0,0,0,0,0,0,0
2019-02-01,Swan,0,27,0,57,12,0,0,0,0,0,0,0,0,0,0,0,0,0,0,0,0
2019-02-01,win,232,0,0,56,12,0,0,0,0,0,0,0,0,0,0,0,0,0,0,0,0
2019-03-01,Chris Patterson,16,2,0,1,2,0,0,0,1,14,0,0,0,0,0,0,0,0,0,0,0
2019-03-01,Jaex,0,0,0,0,0,0,0,0,0,0,0,0,0,0,0,0,0,0,0,0,0
2019-03-01,James Jackson-South,0,0,0,0,0,0,0,0,0,0,0,0,0,0,0,0,0,0,0,0,0
2019-03-01,JustArchi,1,0,0,0,0,0,0,0,0,0,0,0,0,0,0,0,0,0,0,0,0
2019-03-01,Kurt,14,6,0,130,0,0,5,0,0,0,0,0,0,0,0,0,0,0,0,0,0
2019-03-01,Martijn Laarman,0,0,0,1,0,0,0,0,0,0,0,0,0,0,0,0,0,0,0,0,0
2019-03-01,Mogens Heller Grabe,8,3,0,0,30,0,0,1,0,0,0,0,0,0,0,0,0,0,0,0,0
2019-03-01,Rico Suter,0,0,0,2,0,0,0,0,0,0,0,0,0,0,0,0,0,0,0,0,0
2019-03-01,Swan,0,0,0,11,0,0,0,0,0,0,0,0,0,0,0,0,0,0,0,0,0
2019-03-01,win,15,0,0,23,0,0,0,0,0,0,0,0,0,0,0,0,0,0,0,0,0
2019-04-01,Chris Patterson,1,0,0,0,0,0,0,0,0,17,0,0,0,0,0,0,0,0,0,0,0
2019-04-01,Jaex,0,0,0,0,0,0,0,0,0,0,0,0,0,0,0,0,0,0,0,0,0
2019-04-01,James Jackson-South,4,1,27,2,2,0,0,0,0,10,0,0,0,0,0,0,0,0,0,0,0
2019-04-01,JustArchi,1,0,0,5,1,0,0,0,0,0,21,0,0,0,0,0,0,0,0,0,0
2019-04-01,Kurt,7,6,0,23,0,0,0,0,0,0,0,0,0,0,0,0,0,0,0,0,0
2019-04-01,Martijn Laarman,18,8,0,51,4,0,2,0,0,1757,8,0,0,0,0,0,0,0,0,0,0
2019-04-01,Mogens Heller Grabe,0,0,0,0,3,0,0,0,0,0,0,0,0,0,0,0,0,0,0,0,0
2019-04-01,Rico Suter,0,0,0,2,3,0,0,0,0,0,0,0,0,0,0,0,0,0,0,0,0
2019-04-01,Swan,3,0,0,2,8,0,0,0,0,0,0,0,0,0,0,0,0,0,0,0,0
2019-04-01,win,6,0,0,14,0,0,0,0,0,0,0,0,0,0,0,0,0,0,0,0,0
2019-05-01,Chris Patterson,3,0,0,6,0,0,0,0,0,1,0,0,0,0,0,0,0,0,0,0,0
2019-05-01,Jaex,0,2,0,0,0,0,0,0,0,0,0,0,0,0,0,0,0,0,0,0,0
2019-05-01,James Jackson-South,0,28,0,3,6,0,0,0,0,4,32,0,0,0,0,0,0,0,0,0,0
2019-05-01,JustArchi,0,1,0,17,4,0,0,0,0,0,0,0,0,0,0,0,0,0,0,0,0
2019-05-01,Kurt,2,17,0,88,0,0,0,0,0,0,0,0,0,0,0,0,0,0,0,0,0
2019-05-01,Martijn Laarman,13,1,0,5889,1,0,0,0,0,2414,26,0,0,0,0,0,0,0,0,0,0
2019-05-01,Mogens Heller Grabe,6,1,0,3,28,0,0,1,0,0,0,0,0,0,0,0,0,0,0,0,0
2019-05-01,Rico Suter,0,5,0,30,7,0,0,0,0,0,0,0,0,0,0,0,0,0,0,0,0
2019-05-01,Swan,1,3,0,3,12,0,0,0,0,0,0,0,0,0,0,0,0,0,0,0,0
2019-05-01,win,5,4,0,12,0,0,0,0,0,0,0,0,0,0,0,0,0,0,0,0,0
2019-06-01,Chris Patterson,22,10,0,2,2,0,0,0,0,19,0,0,0,0,0,0,0,0,0,0,0
2019-06-01,Jaex,0,10,0,0,0,0,0,0,0,0,0,0,0,0,0,0,0,0,0,0,0
2019-06-01,James Jackson-South,0,0,1,0,0,0,0,0,0,3,0,0,0,0,0,0,0,0,0,0,0
2019-06-01,JustArchi,2,0,0,5,4,0,0,0,0,0,2,0,0,0,0,0,0,0,0,0,0
2019-06-01,Kurt,2,34,0,535,0,0,8,2,0,3,0,0,0,0,0,0,0,0,0,0,0
2019-06-01,Martijn Laarman,17,17,0,2886,3,0,0,0,2,653,10,0,0,0,0,0,0,0,0,0,0
2019-06-01,Mogens Heller Grabe,3,1,0,1,8,0,0,0,0,0,0,0,0,0,0,0,0,0,0,0,0
2019-06-01,Rico Suter,0,1,0,24,0,0,0,0,0,0,0,0,0,0,0,0,0,0,0,0,0
2019-06-01,Swan,0,2,0,0,4,0,0,0,0,0,0,0,0,0,0,0,0,0,0,0,0
2019-06-01,win,10,2,0,77,0,0,0,0,0,1,0,0,0,0,0,0,0,0,0,0,0
2019-07-01,Chris Patterson,23,1,0,0,0,0,0,0,0,32,0,0,0,0,0,0,0,0,0,0,0
2019-07-01,Jaex,0,0,0,0,0,0,0,0,0,0,0,0,0,0,0,0,0,0,0,0,0
2019-07-01,James Jackson-South,2,1,0,29,0,0,0,0,0,216,0,0,0,0,0,0,0,0,0,0,0
2019-07-01,JustArchi,2,0,0,10,1,0,0,0,0,1,14,0,0,0,0,0,0,0,0,0,0
2019-07-01,Kurt,3,5,0,60,0,0,0,0,0,0,0,0,0,0,0,0,0,0,0,0,0
2019-07-01,Martijn Laarman,0,0,0,0,0,0,0,0,0,0,0,0,0,0,0,0,0,0,0,0,0
2019-07-01,Rico Suter,0,2,0,0,2,0,0,0,0,0,0,0,0,0,0,0,0,0,0,0,0
2019-07-01,Swan,0,0,0,2,2,0,0,0,0,0,0,0,0,0,0,0,0,0,0,0,0
2019-07-01,win,153,16,0,51,1,0,0,0,0,0,0,0,0,0,0,0,0,0,0,0,0
2019-08-01,Chris Patterson,57,25,0,3,11,0,0,0,0,105,0,0,0,0,0,0,0,0,0,0,0
2019-08-01,Jaex,0,0,0,0,0,0,0,0,0,0,0,0,0,0,0,0,0,0,0,0,0
2019-08-01,James Jackson-South,0,6,8,0,0,0,0,0,0,9,4,0,0,0,0,0,0,0,0,0,0
2019-08-01,JustArchi,3,0,0,0,1,0,0,0,0,0,11,0,0,0,0,0,0,0,0,0,0
2019-08-01,Kurt,5,1,0,9,0,0,1,1,0,1,0,0,0,0,0,0,0,0,0,0,0
2019-08-01,Martijn Laarman,0,2,0,8,0,0,0,0,0,0,0,0,0,0,0,0,0,0,0,0,0
2019-08-01,Mogens Heller Grabe,5,2,0,0,22,0,0,1,0,0,0,0,0,0,0,0,0,0,0,0,0
2019-08-01,Rico Suter,0,0,0,0,0,0,0,0,0,0,0,0,0,0,0,0,0,0,0,0,0
2019-08-01,Swan,0,7,0,22,2,0,0,0,0,0,0,0,0,0,0,0,0,0,0,0,0
2019-08-01,win,37,0,0,1,0,0,0,0,0,0,0,0,0,0,0,0,0,0,0,0,0
2019-09-01,Chris Patterson,36,27,0,46,11,0,0,3,0,45,14,0,0,0,0,0,0,0,0,0,0
2019-09-01,Jaex,0,0,0,0,0,0,0,0,0,0,0,0,0,0,0,0,0,0,0,0,0
2019-09-01,James Jackson-South,4,15,6,5,11,0,0,0,0,11,38,0,0,0,0,0,0,0,0,0,0
2019-09-01,JustArchi,0,0,0,0,0,0,0,0,0,0,0,0,0,0,0,0,0,0,0,0,0
2019-09-01,Kurt,19,50,0,899,2,0,3,0,0,6,0,0,0,0,2,3,0,0,0,0,0
2019-09-01,Martijn Laarman,1,2,0,6,0,0,0,0,0,4,0,0,0,0,0,0,0,2,0,0,0
2019-09-01,Mogens Heller Grabe,64,8,0,21,137,0,0,9,0,0,0,0,0,0,0,0,0,0,0,0,0
2019-09-01,Rico Suter,0,0,0,0,1,0,0,0,0,0,0,0,0,0,0,0,0,0,0,0,0
2019-09-01,Swan,0,10,0,39,9,0,0,0,0,0,0,0,0,0,0,0,0,0,0,0,0
2019-09-01,win,2,15,0,6,0,0,0,0,0,0,0,0,0,0,0,0,0,0,0,0,0
2019-10-01,Chris Patterson,34,41,0,50,23,0,0,0,0,79,28,0,0,0,0,0,0,0,0,0,0
2019-10-01,Jaex,0,0,0,0,0,0,0,0,0,0,0,0,0,0,0,0,0,0,0,0,0
2019-10-01,James Jackson-South,0,0,6,0,0,0,0,0,0,4,0,0,0,0,0,0,0,0,0,0,0
2019-10-01,JustArchi,0,0,0,14,8,0,0,0,0,0,3,0,0,0,0,0,0,0,0,0,0
2019-10-01,Kurt,22,67,0,658,24,0,4,1,0,5,0,0,0,0,112,57,0,0,0,17,0
2019-10-01,Martijn Laarman,2,5,0,332,0,0,0,0,0,378,0,0,0,0,0,0,0,0,0,0,0
2019-10-01,Mogens Heller Grabe,36,6,0,16,83,0,0,5,0,0,0,0,0,0,0,0,0,0,0,0,0
2019-10-01,Rico Suter,0,0,0,0,2,0,0,0,0,0,0,0,0,0,0,0,0,0,0,0,0
2019-10-01,Swan,0,16,0,90,13,0,0,0,0,0,0,0,0,0,0,0,0,0,0,0,0
2019-10-01,win,9,4,0,2,0,0,0,0,0,0,0,0,0,0,0,0,0,0,0,0,0
2019-11-01,Chris Patterson,0,0,0,2,0,0,0,0,0,10,2,0,0,0,0,2,0,0,0,1,0
2019-11-01,Jaex,0,0,0,0,0,0,0,0,0,1,0,0,0,0,0,0,0,0,0,0,0
2019-11-01,James Jackson-South,2,8,28,4,51,0,0,3,0,21,0,0,0,0,0,0,0,0,0,0,0
2019-11-01,JustArchi,0,0,0,0,0,0,0,0,0,0,0,0,0,0,0,0,0,0,0,0,0
2019-11-01,Kurt,11,63,0,1202,8,0,0,1,0,0,0,0,0,0,15,6,0,0,0,3,0
2019-11-01,Martijn Laarman,1,1,0,2353,0,0,1,0,1,56,0,0,0,0,0,0,0,0,0,0,0
2019-11-01,Mogens Heller Grabe,0,0,0,0,0,0,0,0,0,0,0,0,0,0,0,0,0,0,0,0,0
2019-11-01,Rico Suter,0,0,0,0,0,0,0,0,0,0,0,0,0,0,0,0,0,0,0,0,0
2019-11-01,Swan,0,35,0,137,9,0,0,1,0,0,0,0,0,0,0,0,0,0,0,0,0
2019-12-01,Chris Patterson,20,7,0,3,1,0,0,0,0,20,2,0,0,0,0,0,0,0,0,3,0
2019-12-01,Jaex,1,2,0,0,0,0,0,0,0,0,0,0,0,0,0,0,0,0,0,0,0
2019-12-01,James Jackson-South,10,67,423,18,21,0,0,2,0,65,0,0,0,4,1,0,0,0,0,0,0
2019-12-01,JustArchi,1,0,0,0,2,0,0,0,0,0,0,0,0,0,0,0,0,0,0,0,0
2019-12-01,Kurt,1,27,0,76,2,0,0,1,0,0,0,0,0,0,5,1,0,0,0,2,0
2019-12-01,Martijn Laarman,0,2,0,0,0,0,0,0,0,5,0,0,0,0,0,0,0,0,0,0,0
2019-12-01,Mogens Heller Grabe,20,2,0,4,41,0,0,5,0,0,0,0,0,0,0,0,0,0,0,0,0
2019-12-01,Rico Suter,0,0,0,0,0,0,0,0,0,0,0,0,0,0,0,0,0,0,0,0,0
2019-12-01,Swan,2,17,0,6,0,0,0,0,0,0,0,0,0,0,0,0,0,0,0,0,0
2019-12-01,win,1,3,0,7,2,0,0,0,0,0,0,0,0,0,0,0,0,0,0,0,0
2020-01-01,Chris Patterson,33,23,0,12,28,0,0,2,0,63,88,0,0,0,0,39,0,0,0,14,0
2020-01-01,Jaex,0,0,0,0,0,0,0,0,0,0,0,0,0,0,0,0,0,0,0,0,0
2020-01-01,James Jackson-South,22,102,514,62,13,0,0,2,0,229,22,0,0,2,5,3,0,0,0,0,0
2020-01-01,JustArchi,0,0,0,0,0,0,0,0,0,0,0,0,0,0,0,0,0,0,0,0,0
2020-01-01,Kurt,10,36,0,181,7,0,12,0,0,0,0,0,0,0,17,18,0,2,0,0,0
2020-01-01,Martijn Laarman,33,33,0,68,14,0,20,3,2,13,8,0,0,0,1,2,0,0,0,9,0
2020-01-01,Mogens Heller Grabe,0,0,0,0,0,0,0,0,0,0,0,0,0,0,0,0,0,0,0,0,0
2020-01-01,Rico Suter,0,0,0,0,0,0,0,0,0,0,0,0,0,0,0,0,0,0,0,0,0
2020-01-01,Swan,7,17,0,7,0,0,0,0,0,0,0,0,0,0,0,0,0,0,0,0,0
2020-01-01,win,4,5,0,12,2,0,0,0,0,0,0,0,0,0,0,0,0,0,0,0,0
2020-02-01,Chris Patterson,8,7,0,3,5,0,0,0,0,85,0,0,0,0,0,4,0,0,0,22,0
2020-02-01,Jaex,0,3,0,0,0,0,0,0,0,0,0,0,0,0,0,0,0,0,0,0,0
2020-02-01,James Jackson-South,77,123,301,111,10,0,40,32,0,516,6,0,0,0,6,159,0,0,0,0,0
2020-02-01,JustArchi,0,0,0,2,0,0,0,0,0,0,8,0,0,0,0,0,0,0,0,0,0
2020-02-01,Kurt,2,10,0,55,0,0,1,1,0,0,0,0,0,0,4,0,0,0,0,0,0
2020-02-01,Martijn Laarman,2,3,0,196,0,0,0,0,0,163,0,0,0,0,1,0,0,0,0,2,0
2020-02-01,Mogens Heller Grabe,0,0,0,2,2,0,0,0,0,0,0,0,0,0,0,0,0,0,0,0,0
2020-02-01,Rico Suter,0,0,0,0,0,0,0,0,0,0,0,0,0,0,0,0,0,0,0,0,0
2020-02-01,Swan,1,9,0,25,0,0,0,0,0,0,0,0,0,0,0,0,0,0,0,0,0
2020-02-01,win,1,0,0,29,0,0,0,0,0,1,0,0,0,0,0,0,0,0,0,0,0
2020-03-01,Chris Patterson,59,21,0,13,11,0,0,2,6,86,8,0,0,0,4,10,0,0,0,12,0
2020-03-01,Jaex,0,0,0,0,0,0,0,0,0,4,0,0,0,0,0,0,0,0,0,0,0
2020-03-01,James Jackson-South,54,60,247,36,9,0,49,23,0,238,10,0,0,0,3,171,0,0,0,6,0
2020-03-01,JustArchi,0,0,0,1,2,0,0,0,0,0,0,0,0,0,0,0,0,0,0,0,0
2020-03-01,Kurt,0,6,0,34,0,0,0,0,0,1,0,0,0,0,1,0,0,1,0,1,0
2020-03-01,Martijn Laarman,0,0,0,142,0,0,0,0,0,79,0,0,0,0,0,0,0,0,0,0,0
2020-03-01,Mogens Heller Grabe,6,0,0,0,5,0,0,0,0,0,0,0,0,0,0,0,0,0,0,0,0
2020-03-01,Rico Suter,0,0,0,0,0,0,0,0,0,0,0,0,0,0,0,0,0,0,0,0,0
2020-03-01,Swan,0,12,0,42,0,0,0,0,0,0,0,0,0,0,0,0,0,0,0,0,0
2020-03-01,win,585,315,0,232,12,0,0,0,0,3,0,0,0,0,0,0,0,0,0,0,0
2020-04-01,Chris Patterson,33,5,0,10,3,2,0,0,0,51,0,0,0,0,0,20,0,0,0,9,0
2020-04-01,Jaex,0,3,0,0,0,0,0,0,0,0,0,0,0,6,0,0,0,0,0,0,0
2020-04-01,James Jackson-South,10,28,3,10,67,0,0,8,0,10,0,0,0,0,2,39,0,0,0,0,0
2020-04-01,JustArchi,0,0,0,1,2,6,0,0,0,1,0,0,0,0,0,6,0,4,1,0,0
2020-04-01,Kurt,5,10,0,64,0,0,0,0,0,1,0,0,0,0,3,1,0,0,0,1,0
2020-04-01,Martijn Laarman,0,1,0,75,0,0,0,0,0,80,4,0,0,0,0,0,0,0,0,0,0
2020-04-01,Mogens Heller Grabe,2,4,0,0,23,0,0,0,0,0,2,0,0,0,0,0,0,0,0,0,0
2020-04-01,Rico Suter,0,0,0,0,0,0,0,0,0,0,0,0,0,0,0,0,0,0,0,0,0
2020-04-01,Swan,0,5,0,3,0,0,0,0,0,0,0,0,0,0,0,0,0,0,0,0,0
2020-04-01,win,107,82,0,321,6,0,0,0,0,6,0,0,0,0,0,0,0,0,0,0,0
2020-05-01,Chris Patterson,140,63,0,138,33,46,0,13,0,290,44,0,0,0,6,33,0,0,0,14,0
2020-05-01,Jaex,0,0,0,0,0,0,0,0,0,0,0,0,0,0,0,0,0,0,0,0,0
2020-05-01,JustArchi,3,0,0,2,5,2,0,0,0,0,0,0,0,0,0,0,0,0,0,0,0
2020-05-01,Kurt,0,7,0,7,1,0,0,0,0,0,0,0,0,0,1,0,0,0,0,0,0
2020-05-01,Martijn Laarman,0,0,0,0,0,0,0,0,0,0,0,0,0,0,0,0,0,0,0,0,0
2020-05-01,Rico Suter,0,0,0,0,0,0,0,0,0,0,0,0,0,0,0,0,0,0,0,0,0
2020-05-01,Swan,0,0,0,5,0,0,0,0,0,0,0,0,0,0,0,0,0,0,0,0,0
2020-05-01,win,3,7,0,35,0,0,0,0,0,0,0,0,0,0,0,0,0,0,0,0,0
